Current Attendence Sheet Data of ELG11612  |  All Type


-,%
HS/2016/15747,0 %,
HS/2017/16538,0 %,
HS/2018/16987,0 %,
HS/2019/17124,0 %,
HS/2019/17125,0 %,
HS/2019/17126,0 %,
HS/2019/17127,0 %,
HS/2019/17128,0 %,
HS/2019/17129,0 %,
HS/2019/17130,0 %,
HS/2019/17131,0 %,
HS/2019/17132,0 %,
HS/2019/17133,0 %,
HS/2019/17134,0 %,
HS/2019/17135,0 %,
HS/2019/17136,0 %,
HS/2019/17137,0 %,
HS/2019/17138,0 %,
HS/2019/17139,0 %,
HS/2019/17140,0 %,
HS/2019/17141,0 %,
HS/2019/17142,0 %,
HS/2019/17143,0 %,
HS/2019/17144,0 %,
HS/2019/17145,0 %,
HS/2019/17146,0 %,
HS/2019/17147,0 %,
HS/2019/17148,0 %,
HS/2019/17149,0 %,
HS/2019/17150,0 %,
HS/2019/17151,0 %,
HS/2019/17152,0 %,
HS/2019/17153,0 %,
HS/2019/17154,0 %,
HS/2019/17155,0 %,
HS/2019/17156,0 %,
HS/2019/17157,0 %,
HS/2019/17158,0 %,
HS/2019/17159,0 %,
HS/2019/17160,0 %,
HS/2019/17161,0 %,
HS/2019/17162,0 %,
HS/2019/17163,0 %,
HS/2019/17164,0 %,
HS/2019/17165,0 %,
HS/2019/17166,0 %,
HS/2019/17167,0 %,
HS/2019/17168,0 %,
HS/2019/17169,0 %,
HS/2019/17170,0 %,
HS/2019/17171,0 %,
HS/2019/17172,0 %,
HS/2019/17173,0 %,
HS/2019/17174,0 %,
HS/2019/17175,0 %,
HS/2019/17176,0 %,
HS/2019/17177,0 %,
HS/2019/17178,0 %,
HS/2019/17179,0 %,
HS/2019/17180,0 %,
HS/2019/17181,0 %,
HS/2019/17182,0 %,
HS/2019/17183,0 %,
HS/2019/17184,0 %,
HS/2019/17185,0 %,
HS/2019/17186,0 %,
HS/2019/17187,0 %,
HS/2019/17189,0 %,
HS/2019/17190,0 %,
HS/2019/17191,0 %,
HS/2019/17192,0 %,
HS/2019/17193,0 %,
HS/2019/17194,0 %,
HS/2019/17195,0 %,
HS/2019/17196,0 %,
HS/2019/17197,0 %,
HS/2019/17198,0 %,
HS/2019/17199,0 %,
HS/2019/17200,0 %,
HS/2019/17201,0 %,
HS/2019/17202,0 %,
HS/2019/17203,0 %,
HS/2019/17204,0 %,
HS/2019/17205,0 %,
HS/2019/17206,0 %,
HS/2019/17207,0 %,
HS/2019/17208,0 %,
HS/2019/17209,0 %,
HS/2019/17210,0 %,
HS/2019/17211,0 %,
HS/2019/17212,0 %,
HS/2019/17213,0 %,
HS/2019/17214,0 %,
HS/2019/17215,0 %,
HS/2019/17216,0 %,
HS/2019/17217,0 %,
HS/2019/17218,0 %,
HS/2019/17219,0 %,
HS/2019/17220,0 %,
HS/2019/17221,0 %,
HS/2019/17222,0 %,
HS/2019/17223,0 %,
HS/2019/17224,0 %,
HS/2019/17225,0 %,
HS/2019/17226,0 %,
HS/2019/17227,0 %,
HS/2019/17228,0 %,
HS/2019/17229,0 %,
HS/2019/17230,0 %,
HS/2019/17231,0 %,
HS/2019/17232,0 %,
HS/2019/17233,0 %,
HS/2019/17234,0 %,
HS/2019/17235,0 %,
HS/2019/17236,0 %,
HS/2019/17237,0 %,
HS/2019/17238,0 %,
HS/2019/17239,0 %,
HS/2019/17240,0 %,
HS/2019/17241,0 %,
HS/2019/17242,0 %,
HS/2019/17243,0 %,
HS/2019/17244,0 %,
HS/2019/17245,0 %,
HS/2019/17246,0 %,
HS/2019/17247,0 %,
HS/2019/17248,0 %,
HS/2019/17249,0 %,
HS/2019/17250,0 %,
HS/2019/17251,0 %,
HS/2019/17252,0 %,
HS/2019/17253,0 %,
HS/2019/17254,0 %,
HS/2019/17255,0 %,
HS/2019/17256,0 %,
HS/2019/17257,0 %,
HS/2019/17258,0 %,
HS/2019/17259,0 %,
HS/2019/17260,0 %,
HS/2019/17261,0 %,
HS/2019/17262,0 %,
HS/2019/17263,0 %,
HS/2019/17265,0 %,
HS/2019/17266,0 %,
HS/2019/17267,0 %,
HS/2019/17268,0 %,
HS/2019/17269,0 %,
HS/2019/17270,0 %,
HS/2019/17271,0 %,
HS/2019/17272,0 %,
HS/2019/17273,0 %,
HS/2019/17274,0 %,
HS/2019/17275,0 %,
HS/2019/17276,0 %,
HS/2019/17277,0 %,
HS/2019/17278,0 %,
HS/2019/17279,0 %,
HS/2019/17280,0 %,
HS/2019/17281,0 %,
HS/2019/17282,0 %,
HS/2019/17283,0 %,
HS/2019/17284,0 %,
HS/2019/17285,0 %,
HS/2019/17286,0 %,
HS/2019/17287,0 %,
HS/2019/17288,0 %,
HS/2019/17289,0 %,
HS/2019/17290,0 %,
HS/2019/17291,0 %,
HS/2019/17292,0 %,
HS/2019/17293,0 %,
HS/2019/17294,0 %,
HS/2019/17295,0 %,
HS/2019/17296,0 %,
HS/2019/17297,0 %,
HS/2019/17298,0 %,
HS/2019/17299,0 %,
HS/2019/17300,0 %,
HS/2019/17301,0 %,
HS/2019/17302,0 %,
HS/2019/17303,0 %,
HS/2019/17304,0 %,
HS/2019/17305,0 %,
HS/2019/17306,0 %,
HS/2019/17307,0 %,
HS/2019/17308,0 %,
HS/2019/17309,0 %,
HS/2019/17310,0 %,
HS/2019/17311,0 %,
HS/2019/17312,0 %,
HS/2019/17313,0 %,
HS/2019/17314,0 %,
HS/2019/17315,0 %,
HS/2019/17316,0 %,
HS/2019/17317,0 %,
HS/2019/17318,0 %,
HS/2019/17319,0 %,
HS/2019/17320,0 %,
HS/2019/17321,0 %,
HS/2019/17322,0 %,
HS/2019/17323,0 %,
HS/2019/17324,0 %,
HS/2019/17325,0 %,
HS/2019/17326,0 %,
HS/2019/17327,0 %,
HS/2019/17328,0 %,
HS/2019/17329,0 %,
HS/2019/17330,0 %,
HS/2019/17331,0 %,
HS/2019/17332,0 %,
HS/2019/17333,0 %,
HS/2019/17334,0 %,
HS/2019/17335,0 %,
HS/2019/17336,0 %,
HS/2019/17337,0 %,
HS/2019/17338,0 %,
HS/2019/17339,0 %,
HS/2019/17340,0 %,
HS/2019/17341,0 %,
HS/2019/17342,0 %,
HS/2019/17343,0 %,
HS/2019/17344,0 %,
HS/2019/17345,0 %,
HS/2019/17346,0 %,
HS/2019/17347,0 %,
HS/2019/17348,0 %,
HS/2019/17349,0 %,
HS/2019/17350,0 %,
HS/2019/17351,0 %,
HS/2019/17352,0 %,
HS/2019/17353,0 %,
HS/2019/17354,0 %,
HS/2019/17355,0 %,
HS/2019/17356,0 %,
HS/2019/17357,0 %,
HS/2019/17358,0 %,
HS/2019/17359,0 %,
HS/2019/17360,0 %,
HS/2019/17361,0 %,
HS/2019/17362,0 %,
HS/2019/17363,0 %,
HS/2019/17365,0 %,
HS/2019/17366,0 %,
HS/2019/17367,0 %,
HS/2019/17368,0 %,
HS/2019/17369,0 %,
HS/2019/17370,0 %,
HS/2019/17371,0 %,
HS/2019/17373,0 %,
HS/2019/17374,0 %,
HS/2019/17375,0 %,
HS/2019/17376,0 %,
HS/2019/17377,0 %,
HS/2019/17378,0 %,
HS/2019/17379,0 %,
HS/2019/17380,0 %,
HS/2019/17381,0 %,
HS/2019/17382,0 %,
HS/2019/17383,0 %,
HS/2019/17384,0 %,
HS/2019/17385,0 %,
HS/2019/17386,0 %,
HS/2019/17387,0 %,
HS/2019/17388,0 %,
HS/2019/17389,0 %,
HS/2019/17390,0 %,
HS/2019/17391,0 %,
HS/2019/17392,0 %,
HS/2019/17393,0 %,
HS/2019/17394,0 %,
HS/2019/17395,0 %,
HS/2019/17396,0 %,
HS/2019/17397,0 %,
HS/2019/17398,0 %,
HS/2019/17399,0 %,
HS/2019/17400,0 %,
HS/2019/17401,0 %,
HS/2019/17402,0 %,
HS/2019/17403,0 %,
HS/2019/17404,0 %,
HS/2019/17406,0 %,
HS/2019/17407,0 %,
HS/2019/17408,0 %,
HS/2019/17409,0 %,
HS/2019/17410,0 %,
HS/2019/17411,0 %,
HS/2019/17412,0 %,
HS/2019/17413,0 %,
HS/2019/17414,0 %,
HS/2019/17415,0 %,
HS/2019/17416,0 %,
HS/2019/17417,0 %,
HS/2019/17418,0 %,
HS/2019/17419,0 %,
HS/2019/17420,0 %,
HS/2019/17422,0 %,
HS/2019/17423,0 %,
HS/2019/17424,0 %,
HS/2019/17425,0 %,
HS/2019/17426,0 %,
HS/2019/17427,0 %,
HS/2019/17428,0 %,
HS/2019/17429,0 %,
HS/2019/17430,0 %,
HS/2019/17431,0 %,
HS/2019/17432,0 %,
HS/2019/17433,0 %,
HS/2019/17434,0 %,
HS/2019/17435,0 %,
HS/2019/17436,0 %,
HS/2019/17437,0 %,
HS/2019/17438,0 %,
HS/2019/17439,0 %,
HS/2019/17440,0 %,
HS/2019/17441,0 %,
HS/2019/17442,0 %,
HS/2019/17443,0 %,
HS/2019/17444,0 %,
HS/2019/17445,0 %,
HS/2019/17446,0 %,
HS/2019/17447,0 %,
HS/2019/17448,0 %,
HS/2019/17449,0 %,
HS/2019/17450,0 %,
HS/2019/17451,0 %,
HS/2019/17452,0 %,
HS/2019/17453,0 %,
HS/2019/17454,0 %,
HS/2019/17455,0 %,
HS/2019/17456,0 %,
HS/2019/17457,0 %,
HS/2019/17458,0 %,
HS/2019/17459,0 %,
HS/2019/17460,0 %,
HS/2019/17461,0 %,
HS/2019/17462,0 %,
HS/2019/17463,0 %,
HS/2019/17464,0 %,
HS/2019/17465,0 %,
HS/2019/17466,0 %,
HS/2019/17467,0 %,
HS/2019/17468,0 %,
HS/2019/17469,0 %,
HS/2019/17470,0 %,
HS/2019/17471,0 %,
HS/2019/17472,0 %,
HS/2019/17473,0 %,
HS/2019/17474,0 %,
HS/2019/17475,0 %,
HS/2019/17476,0 %,
HS/2019/17477,0 %,
HS/2019/17478,0 %,
HS/2019/17479,0 %,
HS/2019/17480,0 %,
HS/2019/17481,0 %,
HS/2019/17482,0 %,
HS/2019/17483,0 %,
HS/2019/17484,0 %,
HS/2019/17485,0 %,
HS/2019/17486,0 %,
HS/2019/17487,0 %,
HS/2019/17488,0 %,
HS/2019/17489,0 %,
HS/2019/17490,0 %,
HS/2019/17491,0 %,
HS/2019/17492,0 %,
HS/2019/17493,0 %,
HS/2019/17494,0 %,
HS/2019/17495,0 %,
HS/2019/17496,0 %,
HS/2019/17497,0 %,
HS/2019/17498,0 %,
HS/2019/17499,0 %,
HS/2019/17500,0 %,
HS/2019/17501,0 %,
HS/2019/17502,0 %,
HS/2019/17503,0 %,
HS/2019/17504,0 %,
HS/2019/17505,0 %,
HS/2019/17506,0 %,
HS/2019/17507,0 %,
HS/2019/17508,0 %,
HS/2019/17509,0 %,
HS/2019/17510,0 %,
HS/2019/17511,0 %,
HS/2019/17512,0 %,
HS/2019/17513,0 %,
HS/2019/17514,0 %,
HS/2019/17515,0 %,
HS/2019/17516,0 %,
HS/2019/17517,0 %,
HS/2019/17518,0 %,
HS/2019/17519,0 %,
HS/2019/17520,0 %,
HS/2019/17521,0 %,
HS/2019/17522,0 %,
HS/2019/17523,0 %,
HS/2019/17524,0 %,
HS/2019/17525,0 %,
HS/2019/17526,0 %,
HS/2019/17527,0 %,
HS/2019/17528,0 %,
HS/2019/17529,0 %,
HS/2019/17530,0 %,
HS/2019/17531,0 %,
HS/2019/17532,0 %,
HS/2019/17533,0 %,
HS/2019/17534,0 %,
HS/2019/17535,0 %,
HS/2019/17536,0 %,
HS/2019/17537,0 %,
HS/2019/17538,0 %,
HS/2019/17539,0 %,
HS/2019/17540,0 %,
HS/2019/17541,0 %,
HS/2019/17542,0 %,
HS/2019/17543,0 %,
HS/2019/17544,0 %,
HS/2019/17545,0 %,
HS/2019/17546,0 %,
HS/2019/17547,0 %,
HS/2019/17548,0 %,
HS/2019/17549,0 %,
HS/2019/17550,0 %,
HS/2019/17551,0 %,
HS/2019/17552,0 %,
HS/2019/17553,0 %,
HS/2019/17554,0 %,
HS/2019/17555,0 %,
HS/2019/17556,0 %,
HS/2019/17557,0 %,
HS/2019/17558,0 %,
HS/2019/17559,0 %,
HS/2019/17560,0 %,
HS/2019/17562,0 %,
HS/2019/17563,0 %,
HS/2019/17564,0 %,
HS/2019/17565,0 %,
HS/2019/17566,0 %,
HS/2019/17567,0 %,
HS/2019/17568,0 %,
HS/2019/17569,0 %,
HS/2019/17570,0 %,
HS/2019/17571,0 %,
HS/2019/17572,0 %,
HS/2019/17573,0 %,
HS/2019/17574,0 %,
HS/2019/17575,0 %,
HS/2019/17576,0 %,
HS/2019/17577,0 %,
HS/2019/17579,0 %,
HS/2019/17581,0 %,
HS/2019/17583,0 %,
HS/2019/17584,0 %,
HS/2019/17585,0 %,
HS/2019/17586,0 %,
HS/2019/17587,0 %,
HS/2019/17588,0 %,
HS/2019/17589,0 %,
HS/2019/17590,0 %,
HS/2019/17592,0 %,
HS/2019/17593,0 %,
HS/2019/17594,0 %,
HS/2019/17597,0 %,
HS/2019/17598,0 %,
HS/2019/17599,0 %,
HS/2019/17600,0 %,
HS/2019/17601,0 %,
HS/2019/17602,0 %,
HS/2019/17603,0 %,
Total,